Name,Draft Year,Class,Role,Position,Pre-NBA,League,SOS,Team Color,Age,Height (in),Height,Wingspan (in),Wingspan,Wing - Height,Weight (lbs),Physical Score,bSPARQ Per.,Combine Score,Ath. Score,Freak Athlete,Athletic Tier,PTS,REB,ORB%,DRB%,TRB%,AST,TOV,AST/TOV,AST%,TOV%,AST%/TOV%,STL,BLK,Stocks,STL%,BLK%,Stocks %,Team DRtg,DRtg,DRtg +/-,PER,PER/Age,Age_Adj_PER,WS/40,[WS/40]/Age,BPM,BPM/Age,Age_Adj_BPM,FTr,FT%,FT Rating,3PAr,3P%,3PM/G,3PM x 3P%,Shooter,TS%,eFG%,PProd,Team ORtg,ORtg,ORtg +/-,USG%,PTS/USG%,AST/USG%,TOV/USG%,AST%/USG%,TOV%/USG%,NCAAM,International,Euro,NBL,Other,G League,OE,Y1 Rotation,Top 3 Pick,Lottery Pick,G Played Issue,Size,Athleticism,Defense,Rebounding,Scoring,Passing,Shooting,Efficiency,Tier,Comp1,Similarity1,Comp2,Similarity2,Comp3,Similarity3,Comp4,Similarity4,Comp5,Similarity5,Pred. Y1 Rank,Pred. Y2 Rank,Pred. Y3 Rank,Avg. Rank Y1-Y3,Pred. Y4 Rank,Pred. Y5 Rank,Avg. Rank Y1-Y5,Pred. Y1 EPM,Pred. Y2 EPM,Pred. Y3 EPM,Avg. EPM Y1-Y3,Pred. Y4 EPM,Pred. Y5 EPM,Avg. EPM Y1-Y5,EPM_Y1,EPM_Y2,EPM_Y3,EPM_Y4,EPM_Y5,Actual Pick,NBA Team,NBA,,Analysis
Zaccharie Risacher,2024,International,Wing,3,JL Bourg-en-Bresse,French LNB Pro A,18.24,#CB2B1D,19.2,80.5,"6'8.5""",81.5,"6'9.5""",1,204,0.544,0.04,0.152,0.124,0,0.25,10.7,3.6,6.8,15.1,11,0.9,1.5,0.60,7.28,14.23,0.51,0.9,0.4,1.3,2,2.1,4.1,104.7,104,0.7,14.7,0.77,-0.002,,,1.5,0.08,-0.690,0.323,0.712,0.5,0.442,0.385,1.38,0.5313,0.75,0.58,0.546,,115.4,108.5,-6.9,22.26,0.48,0.040,0.067,0.327,0.639,0,1,1,0,0,0,0,1,1,1,,53,12.4,66.4,64.1,51.7,23.7,74.2,72.8,Solid Rotation,Vlatko Čančar,78.3,Brice Sensabaugh,76.4,Kessler Edwards,76.3,Santi Aldama,75.5,Ignas Brazdeikis,75.4,27,22,56,35.0,57,37,39.8,-2.05,-1.01,-1.94,-1.67,-0.59,0.80,-0.96,-1.74372,,,,,1,Atlanta Hawks,ATL,Risacher,
Alexandre Sarr,2024,International,Big,4.5,Perth,NBL,17.95,#ED1D24,19.15,83.75,"6'11.75""",88.25,"7'4.25""",4.5,205,0.586,0.549,0.93,0.778,0,0.75,9.6,4.5,11.4,17.7,14.5,1,1,1.00,9.45,11.03,0.86,0.4,1.5,1.9,0.6,9.3,9.9,112.8,104.8,8,20.96,1.09,0.329,,,3.3,0.17,-0.594,0.383,0.707,0.5,0.271,0.276,0.53,0.14628,0.25,0.576,0.537,,114.9,115.4,0.5,21.9,0.44,0.046,0.046,0.432,0.504,0,1,0,1,0,0,0,1,1,1,,58.6,77.8,87,39.1,36.5,72.9,73.2,32.6,Quality Starter,Noah Vonleh,83.9,Jalen Duren,79.9,Christian Wood,78.5,Isaiah Jackson,78,Myles Turner,77.1,9,14,6,9.7,14,7,10.0,-1.63,-0.51,0.76,-0.46,0.58,2.16,0.27,-3.59084,,,,,2,Washington Wizards,WAS,Sarr,
Reed Sheppard,2024,Freshman,Guard,1.5,Kentucky,SEC,7.46,#0033A0,19.99,73.75,"6'1.75""",75.25,"6'3.25""",1.5,182,0.327,0.751,0.831,0.759,0,0.75,12.5,4.1,1.5,13.3,7.7,4.5,2,2.25,24.1,18.3,1.32,2.5,0.7,3.2,4.6,2.5,7.1,106.7,103.1,3.6,23.6,1.18,0.381,0.188,0.009,11.4,0.57,-0.229,0.247,0.831,0.75,0.548,0.521,2.3,1.1983,1,0.699,0.679,421,,,,18,0.69,0.250,0.111,1.339,1.017,1,0,0,0,0,0,0,1,1,1,,32.7,75.9,94.2,36,40.2,78.7,93.1,100,Fringe All-Star,Tyrese Haliburton,73.5,Lonzo Ball,65.7,Jose Alvarado,61.9,Shane Larkin,61.8,Derrick White,61.7,1,1,18,6.7,1,1,4.4,-0.54,1.16,-0.27,0.11,1.60,2.86,0.96,-3.58042,,,,,3,Houston Rockets,HOU,Sheppard,
Stephon Castle,2024,Freshman,Guard,1.5,UConn,Big East,8.7,#000E2F,19.63,77.5,"6'5.5""",81,"6'9""",3.5,210,0.692,0.409,0.787,0.787,0,0.75,11.1,4.7,7.8,12,10.1,2.9,1.5,1.93,18.4,13,1.42,0.8,0.5,1.3,1.8,2.1,3.9,96,99.3,-3.3,19,0.97,0.183,0.186,0.009,6.5,0.33,-0.454,0.379,0.755,0.5,0.259,0.267,0.6,0.1602,0.25,0.551,0.507,397,,,,22,0.50,0.132,0.068,0.836,0.591,1,0,0,0,0,0,0,1,0,1,,85.2,78.7,42.3,96.7,20.9,49.8,12.1,53.3,Quality Starter,Jaden Springer,79.2,Keon Johnson,77.9,Tyrese Maxey,76,Jaden Ivey,75.6,Josh Christopher,75.5,62,23,15,33.3,13,16,25.8,-2.84,-1.03,-0.18,-1.35,0.61,1.39,-0.41,-1.44081,,,,,4,San Antonio Spurs,SAS,Castle,
Ron Holland,2024,G League,Wing,3,G League Ignite,G League,20.69,#8C2A93,18.95,78.5,"6'6.5""",82.75,"6'10.75""",4.25,197,0.421,0.359,0.85,0.661,0,0.75,19.5,6.7,4.9,17.6,11,2.9,3.2,0.91,16.7,17.4,0.96,2.3,0.9,3.2,3.8,1.7,5.5,123.9,118,5.9,16.6,0.88,0.118,-0.047,-0.002,-0.4,-0.02,-0.779,0.321,0.728,0.5,0.229,0.24,0.7,0.168,0.25,0.551,0.498,,108.2,99,-9.2,29.3,0.67,0.099,0.109,0.570,0.594,0,0,0,0,1,1,0,1,0,1,,42.1,85.0,91.5,48.6,94.2,71.1,21.4,43,Quality Starter,Isaac Okoro,80.6,Sidy Cissoko,78.3,Josh Green,77.3,Romeo Langford,75.8,Justise Winslow,74.2,25,28,13,22.0,36,13,23.0,-2.03,-1.23,-0.11,-1.12,0.06,1.65,-0.33,-2.43223,,,,,5,Detroit Pistons,DET,Holland,
Tidjane Salaun,2024,International,Wing,3.5,Cholet Basket,French LNB Pro A,18.24,#79160D,18.86,80.75,"6'8.75""",85.5,"7'1.5""",4.75,203,0.418,0.161,0.46,0.385,0,0.50,9.7,3.9,6.6,15.5,10.9,0.9,1.3,0.69,6.8,12.2,0.56,1.1,0.2,1.3,2.5,0.9,3.4,110.8,110,0.8,13.1,0.69,-0.060,,,-1.3,-0.07,-0.823,0.267,0.748,0.5,0.531,0.316,1.4,0.4424,0.5,0.528,0.49,,110.4,105,-5.4,21.3,0.46,0.042,0.061,0.319,0.573,0,1,1,0,0,0,0,1,0,1,,67.2,38.5,58.4,60.2,33.7,28.9,21.4,29,Bench Reserve,GG Jackson,79,Sekou Doumbouya,78.8,Jaden McDaniels,77.6,Gui Santos,77.6,Cam Reddish,77.2,49,54,67,56.7,73,36,55.8,-2.27,-1.60,-2.32,-2.06,-1.03,0.82,-1.28,-4.44308,,,,,6,Charlotte Hornets,CHA,Salaun,
Donovan Clingan,2024,Sophomore,Big,5,UConn,Big East,8.7,#000E2F,20.32,85.75,"7'1.75""",90.75,"7'6.75""",5,282,0.961,0.742,0.506,0.600,0,0.50,13.0,7.4,13.8,23.5,19,1.5,0.8,1.88,13.5,7.3,1.85,0.5,2.5,3,1.4,11.4,12.8,96,89.4,6.6,34.8,1.71,0.900,0.302,0.015,15,0.74,-0.075,0.478,0.583,0,0.027,0.25,0.1,0.025,0.1,0.637,0.643,420,,,,25.1,0.52,0.060,0.032,0.538,0.291,1,0,0,0,0,0,0,1,0,1,,96.1,60,88.5,83.9,49.5,92.2,19.7,83.9,Quality Starter,Walker Kessler,74.9,Joel Embiid,73.5,Neemias Queta,72.9,Georgios Papagiannis,71.6,Jakob Poeltl,71,2,3,1,2.0,2,2,2.0,-0.84,-0.03,1.29,0.14,1.51,2.83,0.95,-0.516255,,,,,7,Portland Trail Blazers,POR,Clingan,
Rob Dillingham,2024,Freshman,Guard,1,Kentucky,SEC,7.46,#0033A0,19.46,73,"6'1""",75,"6'3""",2,164,0.229,0.5,0.5,0.500,0,0.50,15.2,2.9,1.2,11.8,6.8,3.9,2,1.95,29.7,13.5,2.20,1,0.1,1.1,2.4,0.3,2.7,106.7,109.8,-3.1,23.5,1.21,0.429,0.174,0.009,6.2,0.32,-0.460,0.271,0.796,0.75,0.398,0.444,2,0.888,1,0.595,0.564,475,,,,30.3,0.50,0.129,0.066,0.980,0.446,1,0,0,0,0,0,0,1,0,1,,22.9,50,27.2,20.9,20.1,63.2,87,91.2,Solid Rotation,Tyrell Terry,79.5,Elie Okobo,79.3,Payton Pritchard,77,Marcus Zegarowski,76.3,Cameron Payne,75.5,61,15,25,33.7,15,46,32.4,-2.63,-0.55,-0.61,-1.26,0.57,0.62,-0.52,-3.17176,,,,,8,Minnesota Timberwolves,MIN,Dillingham,
Zach Edey,2024,Senior,Big,5,Purdue,Big 10,11.6,#CEB888,22.1,87.75,"7'3.75""",94.75,"7'10.75""",7,299,0.983,0.923,0.903,0.544,0,0.50,25.2,12.2,18.1,25.4,22,2,2.3,0.87,14.6,10.8,1.35,0.3,2.2,2.5,0.5,6.9,7.4,100.1,97.2,2.9,39.3,1.78,0.894,0.336,0.015,16.8,0.76,-0.124,0.809,0.711,0.5,0.004,0.5,0.02,0.01,0,0.659,0.624,916,,,,33.4,0.75,0.060,0.069,0.437,0.323,1,0,0,0,0,0,0,1,0,1,,98.3,50,47.9,99,100,66.7,26.5,83.1,Quality Starter,Deandre Ayton,65.9,Jahlil Okafor,64.6,Jakob Poeltl,64.2,Kofi Cockburn,63.7,Udoka Azubuike,60.4,3,4,2,3.0,4,6,3.8,-1.00,-0.06,1.18,0.04,1.24,2.22,0.71,0.535515,,,,,9,Memphis Grizzlies,MEM,Edey,
Cody Williams,2024,Freshman,Wing,3,Colorado,PAC 12,8.36,#CFB87C,19.58,78.5,"6'6.5""",85,"7'1""",6.5,178,0.439,0.188,0.823,0.569,0,0.50,11.9,3,3.2,9.1,6.4,1.6,2,0.80,10.2,17.2,0.59,0.6,0.7,1.3,1.3,2.4,3.7,102.9,106.6,-3.7,15.7,0.80,0.019,0.118,0.006,3.9,0.20,-0.584,0.397,0.714,0.5,0.211,0.415,0.7,0.2905,0.5,0.62,0.595,256,,,,20.8,0.57,0.077,0.096,0.490,0.827,1,0,0,0,0,0,0,1,0,1,,43.9,56.9,18.5,8.5,56.2,41.3,45.7,92.7,Bench Reserve,Malaki Branham,82.2,Kendall Brown,76.6,Bilal Coulibaly,76.3,Melvin Frazier Jr.,76.2,MarJon Beauchamp,75.6,44,47,73,54.7,72,56,58.4,-2.22,-1.48,-2.83,-2.18,-1.02,0.41,-1.43,-6.76866,,,,,10,Utah Jazz,UTA,Williams,
Matas Buzelis,2024,G League,Wing,3.5,G League Ignite,G League,20.69,#8C2A93,19.68,80.75,"6'8.75""",82,"6'10""",1.25,197,0.534,0.461,0.974,0.871,0,0.75,14.1,6.6,6.4,18.4,12.2,1.9,2.2,0.86,11.1,15,0.74,0.9,1.9,2.8,1.3,5.8,7.1,123.9,121,2.9,13.63,0.69,-0.095,-0.005,0.000,-2.7,-0.14,-0.924,0.178,0.696,0.25,0.279,0.261,0.7,0.1827,0.25,0.553,0.492,,108.2,97,-11.2,21.45,0.66,0.089,0.103,0.517,0.699,0,0,0,0,1,1,0,1,0,1,,53.5,87.1,90.6,66.7,57.4,54.7,10.3,39.7,Quality Starter,Isaiah Roby,75.3,Sidy Cissoko,74.7,MarJon Beauchamp,73.8,Jonathan Kuminga,73.4,Patrick Williams,73.3,23,27,11,20.3,55,15,26.2,-1.98,-1.18,-0.03,-1.06,-0.53,1.52,-0.44,-2.48983,,,,,11,Chicago Bulls,CHI,Buzelis,
Nikola Topić,2024,International,Guard,1.5,KK Crvena Zvezda,Adriatic ABA,19.1,#D13431,18.86,77.75,"6'5.75""",77.5,"6'5.5""",-0.25,200,0.704,0.5,0.5,0.500,0,0.50,14.5,3.2,3.2,11.3,7.3,5.5,2.3,2.39,34.4,16.1,2.14,1,0.1,1.1,1.9,0.5,2.4,110.5,111.2,-0.7,19.88,1.05,0.300,,,3,0.16,-0.595,0.304,0.878,1,0.35,0.306,1.1,0.3366,0.25,0.604,0.551,,114.3,121.6,7.3,23.9,0.61,0.230,0.096,1.439,0.674,0,1,1,0,0,0,0,0,0,1,,70.4,50,48.5,58.2,77.4,89.5,23.2,93.7,Solid Rotation,Tyler Herro,77.5,Kira Lewis Jr.,76.4,Nigel Williams-Goss,76.4,Kobe Bufkin,75.9,Skylar Mays,75.7,63,16,27,35.3,21,57,36.8,-2.84,-0.59,-0.66,-1.36,0.41,0.39,-0.66,,,,,,12,Oklahoma City Thunder,OKC,Topic,
Devin Carter,2024,Junior,Guard,1.5,Providence,Big East,7.95,#000000,22.26,74.25,"6'2.25""",80.75,"6'8.75""",6.5,193,0.599,0.78,0.939,0.780,0,0.75,19.7,8.7,3.4,23.7,14,3.6,2.7,1.33,23.3,14.1,1.65,1.8,1,2.8,2.9,2.8,5.7,99.5,94.5,5,25.6,1.15,0.260,0.206,0.009,12.3,0.55,-0.338,0.369,0.749,0.5,0.482,0.377,2.5,0.9425,0.75,0.597,0.564,619,,,,28.1,0.70,0.128,0.096,0.829,0.502,1,0,0,0,0,0,0,1,0,1,,49.9,78,91.2,93.3,76.2,32.2,33.7,69.9,Quality Starter,Jalen Suggs,74.9,Brandin Podziemski,73,Kentavious Caldwell-Pope,72.3,Donovan Mitchell,70.5,Marcus Smart,68.7,7,2,5,4.7,7,8,5.8,-1.46,0.04,0.81,-0.20,1.14,2.06,0.52,-1.97045,,,,,13,Sacramento Kings,SAC,Carter,
Carlton Carrington,2024,Freshman,Guard,1.5,Pittsburgh,ACC,6.92,#003594,18.92,75.75,"6'3.75""",78.5,"6'6.5""",2.75,190,0.775,0.552,0.69,0.635,0,0.50,13.8,5.2,1.6,16.8,8.9,4.1,1.9,2.16,24,13,1.85,0.6,0.2,0.8,1,0.9,1.9,101,105.2,-4.2,16.3,0.86,0.105,0.133,0.007,3.9,0.21,-0.551,0.241,0.785,0.5,0.523,0.322,2,0.644,0.5,0.53,0.496,463,,,,23,0.60,0.178,0.083,1.043,0.565,1,0,0,0,0,0,0,1,0,1,,77.5,63.5,8.8,51.5,27.2,72.8,33.7,41.8,Solid Rotation,Wayne Selden,79.9,Tyrese Maxey,78.6,James Young,78.3,Isaiah Cousins,77,David Johnson,76.5,65,31,31,42.3,26,68,44.2,-3.09,-1.29,-0.96,-1.78,0.28,0.06,-1.00,-4.6656,,,,,14,Washington Wizards,WAS,Carrington,
Kel'el Ware,2024,Sophomore,Big,4.5,Indiana,Big 10,9.74,#990000,20.17,83.75,"6'11.75""",88.5,"7'4.5""",4.75,230,0.682,0.832,1.00,0.983,1,1.00,15.9,9.9,7.9,26,17.5,1.5,1.6,0.94,9.9,10.9,0.91,0.6,1.9,2.5,1.1,6.5,7.6,107.1,102.3,4.8,25,1.24,0.433,0.175,0.009,8.5,0.42,-0.385,0.417,0.634,0.25,0.125,0.425,0.6,0.255,0.5,0.621,0.612,434,,,,22.9,0.69,0.066,0.070,0.432,0.476,1,0,0,0,0,0,0,1,0,0,,68.2,98.3,58.3,35.4,81.8,67.7,84.6,69.5,Quality Starter,Evan Mobley,73.4,Deandre Ayton,73.4,Jaren Jackson Jr.,72.2,Noah Vonleh,72.1,Daniel Gafford,71.1,5,11,4,6.7,3,3,5.2,-1.32,-0.43,0.94,-0.27,1.39,2.55,0.63,-0.878362,,,,,15,Miami Heat,MIA,Ware,
Jared McCain,2024,Freshman,Guard,1.5,Duke,ACC,8.36,#003087,20.33,74,"6'2""",75.5,"6'3.5""",1.5,203,0.482,0.097,0.119,0.114,0,0.25,14.3,5,3.1,15.2,9.3,1.9,1.3,1.46,11,10.1,1.09,1.1,0.1,1.2,2,0.2,2.2,98.8,101.2,-2.4,19.4,0.95,0.141,0.182,0.009,8.5,0.42,-0.395,0.23,0.885,1,0.554,0.414,2.4,0.9936,1,0.611,0.577,461,,,,21.1,0.68,0.090,0.062,0.521,0.479,1,0,0,0,0,0,0,1,0,0,,48.2,11.4,24.7,71.5,40.6,15.9,98.5,93.1,Quality Starter,Kyle Guy,83.2,Tyrell Terry,76.7,Jordan Poole,75.9,Immanuel Quickley,75.6,Devon Hall,75.5,22,7,16,15.0,12,9,13.2,-1.97,-0.26,-0.19,-0.81,0.71,1.83,0.02,-0.156672,,,,,16,Philadelphia 76ers,PHI,McCain,
Dalton Knecht,2024,Senior,Wing,3,Tennessee,SEC,10.42,#FF8200,23.17,77.25,"6'5.25""",81,"6'9""",3.75,212,0.329,0.712,0.925,0.765,0,0.75,21.7,4.9,2.8,14.3,8.7,1.8,1.7,1.06,13.4,8.3,1.61,0.7,0.6,1.3,1.3,2.4,3.7,95.9,100.1,-4.2,24.4,1.05,0.126,0.207,0.009,11.3,0.49,-0.439,0.357,0.772,0.5,0.406,0.397,2.6,1.0322,1,0.578,0.538,660,,,,32.7,0.66,0.055,0.052,0.410,0.254,1,0,0,0,0,0,0,1,0,0,,32.9,76.5,17.6,15.2,86,24.6,91.3,38,Bench Reserve,Ochai Agbaji,81.8,Joe Wieskamp,80.2,Admiral Schofield,79.2,Davon Reed,79.2,Isaiah Livers,78.6,12,24,38,24.7,37,41,30.4,-1.74,-1.06,-1.14,-1.32,0.04,0.74,-0.63,-2.1611,,,,,17,Los Angeles Lakers,LAL,Knecht,
Tristan da Silva,2024,Senior,Wing,3.5,Colorado,PAC 12,8.36,#CFB87C,23.1,80.25,"6'8.25""",82.25,"6'10.25""",2,217,0.536,0.231,0.76,0.548,0,0.50,16,5.1,3.6,13.7,9,2.4,1.8,1.33,13.4,12,1.12,1.1,0.6,1.7,2,1.7,3.7,102.9,104,-1.1,19.8,0.86,-0.067,0.164,0.007,7.1,0.31,-0.617,0.258,0.835,0.75,0.405,0.395,1.9,0.7505,0.75,0.606,0.573,497,,,,22.5,0.71,0.107,0.080,0.596,0.533,1,0,0,0,0,0,0,1,0,0,,54.8,54.8,38.3,21.7,42.2,52.6,83.9,66.3,Bench Reserve,Anthony Brown,84.5,Keyontae Johnson,84.4,Rodney Hood,84,Ron Harper Jr.,83.2,Marial Shayok,82.6,40,35,61,45.3,65,32,46.6,-2.18,-1.32,-2.11,-1.87,-0.78,0.86,-1.11,-2.48129,,,,,18,Orlando Magic,ORL,Da Silva,
Ja'Kobe Walter,2024,Freshman,Wing,2.5,Baylor,Big 12,10.71,#154734,19.79,76.25,"6'4.25""",82,"6'10""",5.75,198,0.594,0.422,0.909,0.714,0,0.75,14.5,4.4,5.3,12,8.7,1.4,1.3,1.08,8.1,9.1,0.89,1.1,0.2,1.3,2,0.8,2.8,104.2,107.8,-3.6,17.1,0.86,0.072,0.149,0.008,5.8,0.29,-0.499,0.478,0.792,0.5,0.574,0.341,2.1,0.7161,0.5,0.541,0.474,479,,,,23.4,0.62,0.060,0.056,0.346,0.389,1,0,0,0,0,0,0,1,0,0,,20.7,71.4,11.2,32.2,88.1,45.3,45.7,22.6,Bench Reserve,Max Christie,79.7,Bennedict Mathurin,79.6,Keldon Johnson,78.1,CJ Elleby,77.9,Tim Hardaway Jr.,76.5,24,51,55,43.3,44,45,43.8,-2.00,-1.55,-1.92,-1.82,-0.28,0.64,-1.02,-1.87626,,,,,19,Toronto Raptors,TOR,Walter,
Jaylon Tyson,2024,Junior,Wing,2.5,Cal,PAC 12,8,#003262,21.55,77.5,"6'5.5""",80,"6'8""",2.5,218,0.319,0.646,0.608,0.623,0,0.50,19.6,6.8,5.2,17,11,3.5,3.1,1.13,23.6,15,1.57,1.2,0.5,1.7,2,1.5,3.5,108,108.4,-0.4,22.2,1.03,0.168,0.133,0.006,6.8,0.32,-0.546,0.298,0.796,0.5,0.291,0.36,1.6,0.576,0.75,0.557,0.518,595,,,,30.1,0.65,0.116,0.103,0.784,0.498,1,0,0,0,0,0,0,1,0,0,,31.9,62.3,40.1,48,72.6,82.1,74.2,29,Bench Reserve,Chandler Hutchison,82.2,Josh Richardson,81.7,Dillon Brooks,81.6,Sterling Brown,81.5,Allen Crabbe,81.4,39,36,66,47.0,68,33,48.4,-2.13,-1.33,-2.29,-1.92,-0.93,0.86,-1.17,-3.34688,,,,,20,Cleveland Cavaliers,CLE,Tyson,
Yves Missi,2024,Freshman,Big,5,Baylor,Big 12,10.71,#154734,20.1,82.75,"6'10.75""",86,"7'2""",3.25,229,0.456,0.687,0.937,0.837,0,0.75,10.7,5.6,14.6,16.4,15.5,0.4,1.1,0.36,3.4,11.7,0.29,0.6,1.5,2.1,1.5,7.3,8.8,104.2,103.2,1,24.7,1.23,0.425,0.191,0.010,7.4,0.37,-0.436,0.605,0.616,0.25,0,0,0,0,0,0.622,0.614,346,,,,21.8,0.49,0.018,0.050,0.156,0.537,1,0,0,0,0,0,0,1,0,0,,45.6,83.7,42.2,69.3,57.3,11.5,9.8,73.2,Bench Reserve,Diamond Stone,80.2,Alex Len,80,Deyonta Davis,78.8,Richaun Holmes,78.5,Balsa Koprivica,78.5,48,67,24,46.3,25,30,38.8,-2.27,-1.93,-0.49,-1.56,0.31,1.00,-0.68,-3.79493,,,,,21,New Orleans Pelicans,NOP,Missi,
DaRon Holmes II,2024,Junior,Big,4.5,Dayton,A-10,5.73,#CE1141,21.85,80.75,"6'8.75""",85,"7'1""",4.25,236,0.270,0.382,0.703,0.575,0,0.50,20.4,8.5,6.8,23.7,15.9,2.6,2.2,1.18,18.9,12.1,1.56,0.9,2.1,3,1.8,7.2,9,102.2,96.5,5.7,31.7,1.45,0.577,0.26,0.012,12.3,0.56,-0.311,0.724,0.713,0.5,0.208,0.386,1,0.386,0.5,0.627,0.584,642,,,,31.5,0.65,0.083,0.070,0.600,0.384,1,0,0,0,0,0,0,1,0,0,,27,62.3,65.6,20.8,97.4,85.9,90.1,66.1,Bench Reserve,Frank Kaminsky,78.5,Moritz Wagner,74.1,Luka Garza,73.8,Robert Carter,73.7,Caleb Swanigan,73.4,14,18,7,13.0,6,11,11.2,-1.79,-0.65,0.54,-0.63,1.18,1.71,0.20,,,,,,22,Denver Nuggets,DEN,Holmes II,
AJ Johnson,2024,International,Guard,1.5,Illawarra,NBL,17.95,#000000,19.55,76.25,"6'4.25""",80.5,"6'8.5""",4.25,167,0.418,0.037,0.738,0.731,0,0.75,2.9,1.2,3.5,12.6,8,0.8,0.7,1.14,13.9,16.8,0.83,0.2,0.1,0.3,1.3,1.6,2.9,113.6,112.2,1.4,7.1,0.36,-0.419,,,-4.6,-0.24,-1.017,0.14,0.538,0,0.387,0.278,0.3,0.0834,0.25,0.42,0.409,,114,85.8,-28.2,21.2,0.14,0.038,0.033,0.656,0.792,0,1,0,1,0,0,0,0,0,0,,54.7,73.1,72.4,66.5,1.4,18,1.8,1.4,Fringe NBA,Nemanja Nedovic,67,Alex Abrines,66.1,Blake Wesley,64.9,R.J. Hampton,63.8,Bruce Brown,63.4,75,75,59,69.7,66,73,69.6,-4.99,-2.96,-2.04,-3.33,-0.81,-0.36,-2.23,-4.59266,,,,,23,Milwaukee Bucks,MIL,AJ Johnson,
Kyshawn George,2024,Freshman,Wing,2.5,Miami,ACC,7.46,#F47321,20.52,79,"6'7""",82.25,"6'10.25""",3.25,209,0.536,0.242,0.231,0.235,0,0.25,7.6,3,2.2,12.1,7.3,2.2,1.5,1.47,16.3,19.1,0.85,0.9,0.4,1.3,2.2,1.8,4,104.9,106.9,-2,13.7,0.67,-0.153,0.097,0.005,3.6,0.18,-0.645,0.142,0.778,0.5,0.684,0.408,1.7,0.6936,0.75,0.582,0.566,235,,,,17.6,0.43,0.125,0.085,0.926,1.085,1,0,0,0,0,0,0,1,0,0,,53.6,23.5,32.8,7.6,2.1,83.6,74.2,71.3,Fringe NBA,Mario Hezonja,80.3,Dariq Whitehead,75.3,Paul Zipser,74,Jett Howard,73.9,Tony Snell,73.7,43,40,57,46.7,63,48,50.2,-2.20,-1.41,-1.96,-1.86,-0.75,0.60,-1.14,-1.99139,,,,,24,Washington Wizards,WAS,George,
Pacome Dadiet,2024,International,Wing,3,Ratiopharm Ulm,German BBL,16.23,#D74F37,18.9,79.75,"6'7.75""",81,"6'9""",1.25,210,0.627,0.572,0.67,0.631,0,0.50,6.6,2.3,6.2,13,9.6,0.6,0.8,0.75,6.2,13.5,0.46,0.5,0.1,0.6,1.9,1,2.9,108.5,110.7,-2.2,14.3,0.76,0.001,,,1.5,0.08,-0.677,0.294,0.744,0.5,0.491,0.358,0.8,0.2864,0.5,0.619,0.59,,117.5,115.9,-1.6,18.5,0.36,0.032,0.043,0.335,0.730,0,1,1,0,0,0,0,1,0,0,,62.7,63.1,29.6,50.5,14.6,36.5,45.7,95.1,Bench Reserve,Deni Avdija,80.8,Sekou Doumbouya,79.8,Furkan Korkmaz,78.4,Cam Whitmore,77.6,AJ Griffin,77.5,42,52,65,53.0,70,50,55.8,-2.19,-1.55,-2.27,-2.01,-0.96,0.56,-1.28,-4.01676,,,,,25,New York Knicks,NYK,Dadiet,
Dillon Jones,2024,Senior,Wing,3,Weber State,Big Sky,-4.15,#4B2682,22.64,76.5,"6'4.5""",83,"6'11""",6.5,237,0.413,0.57,0.375,0.453,0,0.50,20.8,9.8,2.7,31.1,16.7,5.2,3,1.73,30.3,14.8,2.05,2,0.1,2.1,3.2,0.3,3.5,100.3,95.3,5,27.9,1.23,0.327,0.23,0.010,7.7,0.34,-0.565,0.477,0.857,1,0.239,0.324,1.1,0.3564,0.5,0.597,0.527,673,,,,29.5,0.71,0.176,0.102,1.027,0.502,1,0,0,0,0,0,0,1,0,0,,41.3,45.3,70.8,65,79.9,96.4,65.8,44.1,Fringe NBA,Chandler Hutchison,82.3,Cody Martin,80.2,Wes Iwundu,78.7,Josh Richardson,77.7,Naji Marshall,76.8,45,57,60,54.0,38,23,44.6,-2.23,-1.66,-2.08,-1.99,0.02,1.09,-0.97,-3.6309,,,,,26,Oklahoma City Thunder,OKC,Jones,
Terrence Shannon Jr.,2024,Senior,Wing,2.5,Illinois,Big 10,9.54,#E84A27,23.89,77.75,"6'5.75""",80.75,"6'8.75""",3,219,0.310,0.9,0.9,0.900,0,1.00,23,4,2.7,9.9,6.4,2.3,2,1.15,12.9,9.8,1.32,1,0.9,1.9,1.7,2.3,4,104,106.1,-2.1,26.9,1.13,0.170,0.235,0.010,11.5,0.48,-0.474,0.599,0.801,0.75,0.462,0.362,2.4,0.8688,0.5,0.622,0.559,662,,,,29.2,0.79,0.079,0.068,0.442,0.336,1,0,0,0,0,0,0,1,0,0,,31,90,35.3,4.3,99.4,30.1,60,59.9,Fringe NBA,Ochai Agbaji,79.5,Pat Connaughton,75.4,Jalen Wilson,74.7,Admiral Schofield,74.4,Joe Wieskamp,72.8,17,38,32,29.0,32,31,30.0,-1.85,-1.38,-1.00,-1.41,0.17,0.97,-0.62,-2.50002,,,,,27,Minnesota Timberwolves,MIN,Shannon,
Ryan Dunn,2024,Sophomore,Wing,3.5,Virginia,ACC,7.31,#232D4B,21.45,78.25,"6'6.25""",85.5,"7'1.5""",7.25,214,0.211,0.545,0.904,0.760,0,0.75,8.1,6.9,9.6,20.8,15.1,0.8,0.8,1.00,6,10.3,0.58,1.3,2.3,3.6,3.1,10.4,13.5,96.6,89.3,7.3,22,1.03,0.168,0.179,0.008,7.2,0.34,-0.522,0.37,0.532,0,0.168,0.2,0.2,0.04,0.1,0.564,0.565,270,,,,16.8,0.48,0.048,0.048,0.357,0.613,1,0,0,0,0,0,0,1,0,0,,54.6,76,99.7,90.9,9.4,11.9,1.2,56.5,Bench Reserve,Andre Roberson,69.6,Branden Dawson,69.2,Isaiah Roby,68.8,Tony Mitchell,67.9,Tari Eason,66.6,4,17,8,9.7,22,18,13.8,-1.07,-0.64,0.47,-0.41,0.36,1.37,0.10,-1.14577,,,,,28,Phoenix Suns,PHX,Dunn,
Isaiah Collier,2024,Freshman,Guard,1,USC,PAC 12,9.54,#990000,19.7,74.5,"6'2.5""",76.75,"6'4.75""",2.25,205,0.628,0.857,0.802,0.824,0,0.75,16.3,2.9,2.5,8.6,5.6,4.3,3.3,1.30,30.9,18.7,1.65,1.5,0.2,1.7,2.8,0.8,3.6,105.1,108.6,-3.5,19.3,0.98,0.192,0.11,0.006,4.2,0.21,-0.575,0.497,0.673,0.25,0.255,0.338,1,0.338,0.5,0.567,0.533,434,,,,29.7,0.55,0.145,0.111,1.040,0.630,1,0,0,0,0,0,0,1,0,0,,62.8,82.4,36.8,25.5,71.1,54.8,23.2,69.9,Bench Reserve,Iverson Molinar,84.4,Saben Lee,82.9,Jordan Clarkson,81.9,Collin Sexton,80.2,Mike Miles,79.7,70,34,42,48.7,28,59,46.6,-3.58,-1.31,-1.34,-2.08,0.23,0.29,-1.14,-4.70394,,,,,29,Utah Jazz,UTA,Collier,
Baylor Scheierman,2024,Senior,Wing,2.5,Creighton,Big East,9.53,#005CA9,23.73,78.25,"6'6.25""",80.25,"6'8.25""",2,202,0.279,0.2,0.37,0.302,0,0.50,18.5,9,2.6,23.3,14,3.9,2.2,1.77,19.9,12.6,1.58,0.9,0.1,1,1.5,0.3,1.8,100.9,99.5,1.4,21.9,0.92,-0.026,0.191,0.008,9.8,0.41,-0.536,0.231,0.876,1,0.591,0.381,3.1,1.1811,1,0.596,0.56,630,,,,25.5,0.73,0.153,0.086,0.780,0.494,1,0,0,0,0,0,0,0,0,0,,27.9,30.2,35,44.4,53.5,85.7,98.2,46.7,Bench Reserve,Sam Merrill,82.9,Davon Reed,81.5,Justinian Jessup,79.4,Anthony Brown,79.2,Sam Hauser,79.1,13,30,30,24.3,34,20,25.4,-1.79,-1.27,-0.94,-1.33,0.14,1.25,-0.52,-0.473917,,,,,30,Boston Celtics,BOS,Scheierman,
Jonathan Mogbo,2024,Junior,Big,4.5,San Francisco,WCC,0.23,#00543C,22.64,78.25,"6'6.25""",86,"7'2""",7.75,217,0.422,0.556,0.923,0.776,0,0.75,14.2,10.1,14.5,29.3,22,3.6,1.8,2.00,24.5,13.8,1.78,1.6,0.8,2.4,3.2,3.5,6.7,96.5,91.1,5.4,31.2,1.38,0.472,0.283,0.013,11.1,0.49,-0.415,0.321,0.692,0.25,0.006,0,0,0,0,0.648,0.636,533,,,,22.7,0.63,0.159,0.079,1.079,0.608,1,0,0,0,0,0,0,1,0,0,,16.2,77.6,52.1,94.3,16.1,100,9.8,75.3,Bench Reserve,Jordan Bell,73.5,Bruno Fernando,71.5,Reggie Perry,70.3,Xavier Tillman,70.2,Jarnell Stokes,70,11,42,21,24.7,9,62,29.0,-1.68,-1.44,-0.32,-1.15,0.86,0.28,-0.46,-3.60525,,,,,31,Toronto Raptors,TOR,Mogbo,
Kyle Filipowski,2024,Sophomore,Big,4.5,Duke,ACC,8.36,#003087,20.62,82.75,"6'10.75""",82.5,"6'10.5""",-0.25,230,0.317,0.246,0.615,0.467,0,0.50,16.4,8.3,8.8,22.7,16,2.8,2.1,1.33,18.4,12.9,1.43,1.1,1.5,2.6,2.2,5.3,7.5,98.8,94.5,4.3,26,1.26,0.436,0.217,0.011,11.1,0.54,-0.286,0.383,0.671,0.25,0.257,0.348,1.1,0.3828,0.5,0.573,0.549,585,,,,27.7,0.59,0.101,0.076,0.664,0.466,1,0,0,0,0,0,0,1,0,0,,31.7,46.7,53.6,31.8,64.6,93.8,84.6,31,Solid Rotation,Jeremiah Robinson-Earl,80.6,Mike Muscala,77.9,Caleb Swanigan,77.9,Reggie Perry,76.9,Jonah Bolden,76.7,8,12,9,9.7,5,10,8.8,-1.62,-0.47,0.41,-0.56,1.18,1.82,0.27,-2.82857,,,,,32,Utah Jazz,UTA,Filipowski,
Tyler Smith,2024,G League,Big,4.5,G League Ignite,G League,20.69,#8C2A93,19.63,81,"6'9""",85,"7'1""",4,224,0.427,0.71,0.93,0.842,0,0.75,14.3,5.2,7.7,18.6,13,1.7,1.4,1.21,13.4,10.3,1.30,1,0.8,1.8,1.6,4,5.6,123.9,122,1.9,19.9,1.01,0.229,0.047,0.002,0.3,0.02,-0.770,0.192,0.742,0.5,0.402,0.352,1.2,0.4224,0.5,0.595,0.531,,108.2,111,2.8,25.9,0.55,0.066,0.054,0.517,0.398,0,0,0,0,1,1,0,1,0,0,,28.7,84.2,31.8,9.9,40.6,83.3,90.1,39.6,Solid Rotation,Marquese Chriss,78.7,Jeremiah Robinson-Earl,77.8,Chimezie Metu,77,Christian Wood,76.1,Ben Bentil,75.8,50,68,40,52.7,11,12,36.2,-2.28,-1.96,-1.23,-1.82,0.81,1.66,-0.60,-0.52459,,,,,33,Milwaukee Bucks,MIL,Smith,
Tyler Kolek,2024,Senior,Guard,1,Marquette,Big East,11.02,#FFCC00,23.23,73.25,"6'1.25""",74.75,"6'2.75""",1.5,197,0.422,0.401,0.218,0.291,0,0.50,15.3,4.9,2.6,14.8,8.8,7.7,2.9,2.66,42.1,18.4,2.29,1.6,0.2,1.8,2.8,0.6,3.4,100.2,101.6,-1.4,24.3,1.05,0.117,0.2,0.009,10.1,0.43,-0.494,0.268,0.851,1,0.345,0.388,1.5,0.582,0.75,0.6,0.563,557,,,,24.3,0.63,0.317,0.119,1.733,0.757,1,0,0,0,0,0,0,1,0,0,,42.2,29.1,47.3,62.3,27.6,95.8,72,65.5,Bench Reserve,Monte Morris,82,Malachi Flynn,80.3,Ty Jerome,79.6,Tre Mann,77.6,Tre Jones,77.6,31,8,23,20.7,29,22,22.6,-2.08,-0.28,-0.46,-0.94,0.22,1.21,-0.28,-2.62196,,,,,34,New York Knicks,NYK,Kolek,
Johnny Furphy,2024,Freshman,Wing,2.5,Kansas,Big 12,11.32,#0051BA,19.53,79.5,"6'7.5""",80,"6'8""",0.5,202,0.376,0.035,0.165,0.113,0,0.25,9,4.9,6.8,15.9,11.7,1,0.8,1.25,7.1,10.3,0.69,0.9,0.3,1.2,2.1,1.6,3.7,99.6,100.7,-1.1,17,0.87,0.089,0.156,0.008,6.6,0.34,-0.443,0.393,0.765,0.5,0.607,0.352,1.3,0.4576,0.5,0.609,0.573,277,,,,17.6,0.51,0.057,0.045,0.403,0.585,1,0,0,0,0,0,0,1,0,0,,37.6,11.3,43,66.3,41.9,55,45.7,88,Bench Reserve,AJ Griffin,76.4,Furkan Korkmaz,73.3,Dzanan Musa,72.8,Ignas Brazdeikis,72.6,Caleb Houstan,72.3,21,39,45,35.0,62,54,44.2,-1.90,-1.39,-1.39,-1.56,-0.72,0.45,-0.99,-2.77077,,,,,35,Indiana Pacers,IND,Furphy,
Juan Núñez,2024,International,Guard,1,Ratiopharm Ulm,German BBL,16.23,#D74F37,20.04,76,"6'4""",78.5,"6'6.5""",2.5,190,0.598,0.069,0.205,0.151,0,0.25,9.9,3.4,4.1,15.3,9.6,4.9,2.3,2.13,34.5,20.1,1.72,1.7,0,1.7,3.8,0.2,4,108.5,106.2,2.3,17.3,0.86,0.062,,,2.2,0.11,-0.692,0.201,0.607,0.25,0.322,0.319,0.8,0.2552,0.25,0.543,0.521,,117.5,108.5,-9,22.6,0.44,0.217,0.102,1.527,0.889,0,1,1,0,0,0,0,0,0,0,,59.8,15.1,85.8,84.9,9.2,83.3,5.2,46.4,Bench Reserve,R.J. Hampton,78.3,Ryan Rollins,76.7,Amari Bailey,76.5,Jalen Pickett,76.2,T.J. McConnell,74.1,67,56,34,52.3,51,69,55.4,-3.16,-1.62,-1.04,-1.94,-0.38,0.03,-1.23,,,,,,36,San Antonio Spurs,SAS,Nunez,
Bobi Klintman,2024,International,Wing,3.5,Cairns,NBL,17.95,#DE6237,21.29,80.75,"6'8.75""",83,"6'11""",2.25,212,0.338,0.072,0.27,0.191,0,0.25,10.2,4.7,3.7,20,12.1,0.9,1.7,0.53,6.6,16.3,0.40,1,0.5,1.5,1.9,2,3.9,111.9,108.1,3.8,13.9,0.65,-0.199,,,-1,-0.05,-0.899,0.379,0.813,0.75,0.465,0.337,1.2,0.4044,0.5,0.571,0.513,,108.3,103.3,-5,20.8,0.49,0.043,0.082,0.317,0.784,0,1,0,1,0,0,0,0,0,0,,59.6,19.1,77.8,43.5,39.2,9.4,60,39.7,Fringe NBA,Abdel Nader,80.5,Ron Harper Jr.,78.8,DeAndre Daniels,78.4,Kevin Hervey,77.9,Kessler Edwards,77.7,57,55,69,60.3,69,34,56.8,-2.37,-1.61,-2.39,-2.12,-0.95,0.84,-1.29,,,,,,37,Detroit Pistons,DET,Klintman,
Ajay Mitchell,2024,Junior,Guard,1.5,UC Santa Barbara,Big West,-3.01,#003660,21.99,75.25,"6'3.25""",78.25,"6'6.25""",3,197,0.315,0.534,0.647,0.602,0,0.50,20,4,1,13.4,7.7,4,2.6,1.54,28.2,13.5,2.09,1.2,0.4,1.6,2.2,1.2,3.4,105.8,106.2,-0.4,25.7,1.17,0.289,0.198,0.009,5,0.23,-0.652,0.473,0.858,1,0.217,0.393,1.1,0.4323,0.75,0.612,0.547,561,,,,31.1,0.64,0.129,0.084,0.907,0.434,1,0,0,0,0,0,0,1,0,0,,59.2,60.2,45.6,26.4,51.9,41.4,81.4,76.4,Fringe NBA,Saben Lee,78.5,Dennis Schröder,77.2,Quinndary Weatherspoon,76.5,Jaylen Nowell,75.9,CJ McCollum,74.9,68,29,48,48.3,39,58,48.4,-3.20,-1.25,-1.52,-1.99,0.02,0.35,-1.12,-1.75515,,,,,38,Oklahoma City Thunder,OKC,Mitchell,
Jaylen Wells,2024,Junior,Wing,3,Washington State,PAC 12,7.19,#981E32,20.82,78.5,"6'6.5""",79.25,"6'7.25""",0.75,206,0.334,0.257,0.478,0.390,0,0.50,12.6,4.6,5,13.2,9.2,1.2,0.7,1.71,7.9,5.9,1.34,0.5,0.2,0.7,1,0.6,1.6,99.7,104.3,-4.6,18.6,0.89,0.061,0.181,0.009,7.3,0.35,-0.482,0.304,0.814,0.75,0.527,0.417,2.1,0.8757,1,0.585,0.545,393,,,,20.1,0.63,0.060,0.035,0.393,0.294,1,0,0,0,0,0,0,1,0,0,,33.4,39,2.4,33.4,35.9,55.9,94.4,66.3,Bench Reserve,Jordan Nwora,84.6,Svi Mykhailiuk,83.2,Tyler Dorsey,82,Rodney Hood,81.5,Justinian Jessup,81.4,15,33,36,28.0,31,49,32.8,-1.80,-1.31,-1.14,-1.42,0.19,0.58,-0.70,0.863669,,,,,39,Memphis Grizzlies,MEM,Wells,
Oso Ighodaro,2024,Senior,Big,4.5,Marquette,Big East,11.02,#FFCC00,21.97,81.5,"6'9.5""",83,"6'11""",1.5,222,0.157,0.908,0.848,0.872,0,0.75,13.4,6.9,9.4,15.3,12.4,2.9,1.8,1.61,16.1,13.5,1.19,1.1,1.3,2.4,1.9,4.7,6.6,100.2,101.4,-1.2,21.9,1.00,0.118,0.177,0.008,8,0.36,-0.515,0.429,0.623,0.25,0.006,0,0,0,0,0.59,0.576,520,,,,20.7,0.65,0.140,0.087,0.778,0.652,1,0,0,0,0,0,0,1,0,0,,15.7,87.2,11.5,14.6,61.5,95.8,9.8,44.8,Bench Reserve,Montrezl Harrell,76.4,Mason Plumlee,76.1,Jarell Martin,75.5,Joffrey Lauvergne,75.4,RaiQuan Gray,73.4,26,72,41,46.3,42,63,48.8,-2.05,-2.29,-1.28,-1.87,-0.14,0.21,-1.11,-2.81104,,,,,40,Phoenix Suns,PHX,Ighodaro,
Adem Bona,2024,Sophomore,Big,5,UCLA,PAC 12,7.84,#2D68C4,21.23,81.5,"6'9.5""",87.75,"7'3.75""",6.25,243,0.384,0.99,0.975,0.977,1,1.00,12.4,5.9,8.9,18.1,13.4,1.2,2.5,0.48,11.6,19.9,0.58,1.1,1.8,2.9,2.6,8.8,11.4,101.1,96.2,4.9,23.3,1.10,0.248,0.165,0.008,6.5,0.31,-0.543,0.569,0.696,0.25,0.004,0,0,0,0,0.619,0.588,387,,,,25,0.50,0.048,0.100,0.464,0.796,1,0,0,0,0,0,0,0,0,0,,38.4,97.7,74.5,19.3,43.2,37,9.8,63,Bench Reserve,Damian Jones,83.1,Richaun Holmes,78.7,Daniel Gafford,78.3,Cody Zeller,75.8,Jericho Sims,75.8,29,37,14,26.7,20,24,24.8,-2.07,-1.35,-0.18,-1.20,0.47,1.08,-0.41,-2.89931,,,,,41,Philadelphia 76ers,PHI,Bona,
KJ Simpson,2024,Junior,Guard,1,Colorado,PAC 12,8.36,#CFB87C,21.87,72.25,"6'0.25""",76.5,"6'4.5""",4.25,187,0.319,0.832,0.761,0.789,0,0.75,19.7,5.8,2.8,16.2,10,4.9,2.2,2.23,27.1,11.9,2.28,1.6,0.1,1.7,2.7,0.2,2.9,102.9,102.5,0.4,24.8,1.13,0.259,0.221,0.010,10.1,0.46,-0.413,0.363,0.876,1,0.355,0.434,2.1,0.9114,1,0.606,0.552,722,,,,26.7,0.74,0.184,0.082,1.015,0.446,1,0,0,0,0,0,0,1,0,0,,31.9,78.9,54.8,74.5,84.9,63.6,72,76.4,Solid Rotation,Tre Mann,81.2,Dennis Smith Jr.,76.9,Frank Mason,76.7,Payton Pritchard,75.9,Shane Larkin,75.4,28,10,22,20.0,10,17,17.4,-2.06,-0.37,-0.32,-0.92,0.84,1.38,-0.11,-5.18245,,,,,42,Charlotte Hornets,CHA,Simpson,
Nikola Djurisic,2024,International,Wing,2.5,KK Mega Basket,Adriatic ABA,19.1,#CB2F6D,20.32,79,"6'7""",80,"6'8""",1,209,0.353,0.287,0.586,0.466,0,0.50,14.8,2.8,1.7,10.2,6,3.4,3.2,1.06,18.6,19.5,0.95,1.2,0.4,1.6,2.1,1.4,3.5,110.5,112.7,-2.2,13.7,0.67,-0.139,,,-0.8,-0.04,-0.852,0.472,0.763,0.5,0.332,0.305,1.1,0.3355,0.25,0.559,0.495,,114.3,102.4,-11.9,25.4,0.58,0.134,0.126,0.732,0.768,0,1,1,0,0,0,0,0,0,0,,35.3,46.6,41.6,1.8,92.4,81.8,21.4,35,Fringe NBA,Timothe Luwawu-Cabarrot,83.7,Sidy Cissoko,80.8,Romeo Langford,79.9,Ricky Council IV,79.3,Naji Marshall,78.8,52,64,63,59.7,71,53,60.6,-2.32,-1.83,-2.25,-2.13,-0.98,0.46,-1.38,,,,,,43,Atlanta Hawks,ATL,Djurisic,
Pelle Larsson,2024,Senior,Wing,2.5,Arizona,PAC 12,9.45,#CC0033,23.32,77.25,"6'5.25""",79.5,"6'7.5""",2.25,212,0.641,0.667,0.9,0.807,0,0.75,12.8,4.1,3.9,10.5,7.3,3.7,1.9,1.95,20.1,15.6,1.29,0.9,0.2,1.1,1.7,0.8,2.5,96.6,101.4,-4.8,17.8,0.76,-0.170,0.176,0.008,7.4,0.32,-0.615,0.369,0.75,0.5,0.344,0.426,1.3,0.5538,0.75,0.622,0.592,460,,,,18.8,0.68,0.197,0.101,1.069,0.830,1,0,0,0,0,0,0,1,0,0,,20.1,80.7,6.4,14.6,38.6,93.6,74.2,76.9,Bench Reserve,Admiral Schofield,81.3,Michael Gbinije,81,Cody Martin,78.3,Marial Shayok,77.7,Christian Braun,77.5,33,43,44,40.0,33,47,40.0,-2.09,-1.45,-1.38,-1.64,0.14,0.60,-0.84,-1.81005,,,,,44,Miami Heat,MIA,Larsson,
Jamal Shead,2024,Senior,Guard,1.5,Houston,Big 12,9.8,#C8102E,21.99,72.25,"6'0.25""",75,"6'3""",2.75,201,0.410,0.815,0.775,0.791,0,0.75,12.9,3.7,3.3,10.5,6.8,6.3,2,3.15,40.3,13.5,2.99,2.2,0.5,2.7,4.3,2,6.3,89,89.2,-0.2,22.6,1.03,0.148,0.22,0.010,12.7,0.58,-0.302,0.24,0.779,0.5,0.321,0.309,1.2,0.3708,0.25,0.495,0.458,550,,,,25.1,0.51,0.251,0.080,1.606,0.538,1,0,0,0,0,0,0,1,0,0,,41,79.1,90,55.2,8.4,96.2,12.1,3.6,Bench Reserve,Kennedy Chandler,76.2,Peyton Siva,72.3,Kris Dunn,71.4,Tyler Ennis,70.8,Cason Wallace,70.8,34,5,26,21.7,18,4,17.4,-2.09,-0.15,-0.63,-0.95,0.53,2.39,0.01,-2.72143,,,,,45,Toronto Raptors,TOR,Shead,
Cam Christie,2024,Freshman,Wing,2.5,Minnesota,Big 10,6.4,#7A0019,18.91,76.5,"6'4.5""",80,"6'8""",3.5,190,0.456,0.504,0.766,0.661,0,0.75,11.3,3.6,1,12.9,7.1,2.2,1.2,1.83,13.8,10,1.38,0.6,0.3,0.9,1.2,1.1,2.3,105.7,109.8,-4.1,13.7,0.72,-0.032,0.1,0.005,2.7,0.14,-0.614,0.216,0.791,0.5,0.577,0.391,2.1,0.8211,0.75,0.546,0.516,339,,,,19.7,0.57,0.112,0.061,0.701,0.508,1,0,0,0,0,0,0,0,0,0,,10.4,66.1,7.8,2.1,21.9,91.5,74.2,52.6,Bench Reserve,Tim Hardaway Jr.,82.9,Max Christie,76.3,Bennedict Mathurin,75.2,Jett Howard,74.9,Malachi Richardson,74.2,37,49,39,41.7,24,35,36.8,-2.12,-1.51,-1.17,-1.60,0.34,0.83,-0.72,-3.1304,,,,,46,Los Angeles Clippers,LAC,Christie,
Antonio Reeves,2024,Senior,Wing,2.5,Kentucky,SEC,7.46,#0033A0,23.58,76.5,"6'4.5""",80.25,"6'8.25""",3.75,187,0.409,0.153,0.327,0.257,0,0.25,20.2,4.2,2.7,11.1,7.2,1.6,1.2,1.33,9.2,7.1,1.30,0.7,0.2,0.9,1.1,0.8,1.9,106.7,112.9,-6.2,23.6,1.00,0.058,0.182,0.008,7,0.30,-0.646,0.285,0.863,1,0.41,0.447,2.5,1.1175,1,0.64,0.603,570,,,,25.9,0.78,0.062,0.046,0.355,0.274,1,0,0,0,0,0,0,1,0,0,,10.5,25.7,0.6,8.8,83.3,15.2,94.4,83.9,Fringe NBA,Marial Shayok,75.3,Tyler Dorsey,75.2,Max Strus,73.7,Sam Hauser,72.8,Buddy Hield,72.4,46,53,62,53.7,47,55,52.6,-2.25,-1.59,-2.11,-1.98,-0.30,0.42,-1.17,-3.27538,,,,,47,New Orleans Pelicans,NOP,Reeves,
Harrison Ingram,2024,Junior,Wing,3,North Carolina,ACC,9.9,#7BAFD4,21.56,77.25,"6'5.25""",84.25,"7'0.25""",7,234,0.534,0.799,0.673,0.723,0,0.75,12.2,8.8,8.7,20.1,14.5,2.2,1.4,1.57,11.6,10.7,1.08,1.4,0.4,1.8,2.4,1.3,3.7,98.6,97.6,1,18.3,0.85,-0.014,0.162,0.008,8.5,0.39,-0.468,0.259,0.612,0.25,0.446,0.385,1.8,0.693,0.75,0.53,0.516,466,,,,18.8,0.65,0.117,0.074,0.617,0.569,1,0,0,0,0,0,0,0,0,0,,53.4,72.3,52.3,86.6,31.3,68.4,65.8,20.7,Bench Reserve,Dorian Finney-Smith,89.2,Solomon Hill,83.4,Juancho Hernangomez,81.2,Devin Robinson,79.9,Jalen Wilson,79.1,18,32,29,26.3,40,21,28.0,-1.85,-1.31,-0.82,-1.33,0.00,1.23,-0.55,,,,,,48,San Antonio Spurs,SAS,Ingram,
Tristen Newton,2024,Senior,Guard,1.5,UConn,Big East,8.7,#000E2F,23.15,75.25,"6'3.25""",78.75,"6'6.75""",3.5,192,0.726,0.143,0.445,0.324,0,0.50,15.1,6.6,5.4,16.8,11.5,6.2,2.5,2.48,31.2,15.4,2.03,0.9,0.3,1.2,1.7,0.9,2.6,96,98.1,-2.1,22.4,0.97,0.042,0.224,0.010,10.4,0.45,-0.477,0.474,0.808,0.75,0.503,0.321,1.8,0.5778,0.5,0.561,0.495,686,,,,24.7,0.61,0.251,0.101,1.263,0.623,1,0,0,0,0,0,0,0,0,0,,72.6,32.4,29.7,94.6,47.3,79.9,47.3,22.4,Fringe NBA,Austin Reaves,76.4,JD Davison,75.9,Nigel Williams-Goss,75.5,Nate Wolters,75.4,Ty Jerome,74.2,32,9,17,19.3,23,40,24.2,-2.08,-0.32,-0.19,-0.86,0.36,0.76,-0.29,,,,,,49,Indiana Pacers,IND,Newton,
Enrique Freeman,2024,Senior,Big,4.5,Akron,MAC,-2.08,#041E42,23.91,79.25,"6'7.25""",86,"7'2""",6.75,212,0.431,0.355,0.795,0.619,0,0.50,18.6,12.9,13,33.1,23.2,1.6,2.5,0.64,11.2,14.8,0.76,0.8,1.7,2.5,1.5,6,7.5,98.5,91.1,7.4,31.1,1.30,0.344,0.263,0.011,8.3,0.35,-0.609,0.571,0.728,0.5,0.135,0.37,0.6,0.222,0.25,0.643,0.609,633,,,,27.1,0.69,0.059,0.092,0.413,0.546,1,0,0,0,0,0,0,0,0,0,,19.9,61.9,62.5,92.7,64.1,16.1,73.2,56.2,Bench Reserve,Zach Auguste,77.7,Jonah Bolden,74.8,Richaun Holmes,74.3,Robert Carter,72.8,Precious Achiuwa,72.6,47,73,37,52.3,16,64,47.4,-2.25,-2.33,-1.14,-1.91,0.57,0.20,-0.99,-3.68672,,,,,50,Indiana Pacers,IND,Freeman,
Melvin Ajinca,2024,International,Wing,2.5,Saint-Quentin,French LNB Pro A,18.24,#194187,19.98,79.25,"6'7.25""",79.5,"6'7.5""",0.25,214,0.344,0.257,0.142,0.188,0,0.25,10.2,3.5,4.9,13,8.9,0.7,0.7,1.00,5.3,7.5,0.71,0.5,0.1,0.6,1.1,0.3,1.4,106.8,107.4,-0.6,12.6,0.63,-0.169,,,0.1,0.01,-0.794,0.243,0.814,0.75,0.68,0.357,2,0.714,0.5,0.56,0.521,,107.8,114.5,6.7,19.2,0.53,0.036,0.036,0.276,0.391,0,1,1,0,0,0,0,0,0,0,,34.4,18.8,27.1,31.3,34.7,26.7,60,46.7,Bench Reserve,Caleb Houstan,79.5,Julian Strawther,79.2,Emoni Bates,76.4,John Petty,75.6,Malachi Richardson,73.8,54,59,71,61.3,75,43,60.4,-2.33,-1.71,-2.43,-2.16,-1.32,0.68,-1.42,,,,,,51,Dallas Mavericks,DAL,Ajinca,
Quinten Post,2024,Senior,Big,5,Boston College,ACC,7.25,#98002E,24.25,84,"7'0""",86.5,"7'2.5""",2.5,244,0.678,0.132,0.468,0.216,0,0.25,17,8.1,7.4,21.9,14.7,2.9,2.5,1.16,18.8,14.9,1.26,0.9,1.7,2.6,1.6,6,7.6,105.5,102.1,3.4,25.6,1.06,0.086,0.184,0.008,9.6,0.40,-0.574,0.285,0.821,0.75,0.269,0.431,1.4,0.6034,0.75,0.607,0.572,583,,,,26.9,0.63,0.108,0.093,0.699,0.554,1,0,0,0,0,0,0,0,0,0,,67.8,21.6,49,17.2,31.2,87,99.5,46.9,Bench Reserve,Kaleb Wesson,73.1,Jay Huff,69,Ryan Kelly,68.1,Killian Tillie,68,Orlando Robinson,67.9,10,20,10,13.3,8,5,10.6,-1.65,-0.91,0.40,-0.72,0.91,2.38,0.23,0.103682,,,,,52,Golden State Warriors,GSW,Post,
Cam Spencer,2024,Senior,Guard,2,UConn,Big East,8.7,#000E2F,24.21,75,"6'3""",77,"6'5""",2,202,0.253,0.022,0.057,0.043,0,0.10,14.3,4.9,4,12.5,8.5,3.6,1,3.60,18.7,8.2,2.28,1.5,0.3,1.8,2.7,0.8,3.5,96,97.8,-1.8,22.8,0.94,-0.027,0.239,0.010,11.8,0.49,-0.481,0.222,0.911,1,0.556,0.44,2.5,1.1,1,0.64,0.606,550,,,,19,0.75,0.189,0.053,0.984,0.432,1,0,0,0,0,0,0,1,0,0,,56.9,4.3,43.1,75.7,25.5,65.3,98.5,91.2,Bench Reserve,Devon Hall,77.7,Kyle Guy,76.5,Tyrell Terry,74.9,Marcus Zegarowski,74.9,Jared Butler,74.2,19,6,19,14.7,27,19,18.0,-1.88,-0.25,-0.29,-0.80,0.28,1.33,-0.16,-0.570384,,,,,53,Memphis Grizzlies,MEM,Spencer,
Anton Watson,2024,Senior,Wing,3.5,Gonzaga,WCC,4.02,#041E42,23.7,80,"6'8""",84,"7'0""",4,228,0.358,0.5,0.5,0.500,0,0.50,14.5,7.1,8.8,16.4,13,2.6,1.4,1.86,13.4,10.5,1.28,1.5,0.7,2.2,2.8,2.1,4.9,99.1,97.7,1.4,24.6,1.04,0.090,0.223,0.009,9.8,0.41,-0.534,0.353,0.653,0.25,0.145,0.412,0.6,0.2472,0.25,0.62,0.608,508,,,,20.8,0.70,0.125,0.067,0.644,0.505,1,0,0,0,0,0,0,0,0,0,,65.4,50,63.2,79.9,29.5,69,10.3,74.8,Bench Reserve,Romero Osby,83.1,Aaron White,81.5,Toumani Camara,80.8,Alex Poythress,78.2,Rui Hachimura,76.9,30,48,43,40.3,45,39,41.0,-2.07,-1.49,-1.35,-1.64,-0.28,0.76,-0.89,,,,,,54,Boston Celtics,BOS,Watson,
Bronny James,2024,Freshman,Guard,2,USC,PAC 12,9.54,#990000,19.64,73.5,"6'1.5""",79.25,"6'7.25""",5.75,210,0.322,0.779,0.799,0.791,0,0.75,4.8,2.8,1.7,15.2,8.5,2.1,1.1,1.91,19.4,17.4,1.11,0.8,0.2,1,2.3,1.1,3.4,105.1,106.8,-1.7,10.3,0.52,-0.261,0.063,0.003,0.7,0.04,-0.750,0.304,0.676,0.25,0.536,0.267,0.6,0.1602,0.25,0.472,0.438,134,,,,16.2,0.30,0.130,0.068,1.198,1.074,1,0,0,0,0,0,0,0,0,0,,50.9,79.1,49,49.8,0.8,53.6,5.2,3.6,Fringe NBA,Nemanja Nedovic,71.7,Alex Abrines,71.6,Zach LaVine,70.6,Kadeem Allen,69.2,David Johnson,68.3,74,71,52,65.7,48,71,63.2,-4.24,-2.22,-1.74,-2.73,-0.35,-0.14,-1.74,-5.09823,,,,,55,Los Angeles Lakers,LAL,James,
Kevin McCullar Jr.,2024,Senior,Wing,2.5,Kansas,Big 12,11.32,#0051BA,23.27,77.25,"6'5.25""",81,"6'9""",3.75,206,0.262,0.5,0.5,0.500,0,0.50,18.3,6,2.8,16.2,10.1,4.1,2.5,1.64,22.9,13.6,1.68,1.5,0.4,1.9,2.5,1.3,3.8,99.6,100,-0.4,21.1,0.91,-0.024,0.161,0.007,7.4,0.32,-0.613,0.426,0.805,0.75,0.334,0.333,1.5,0.4995,0.5,0.567,0.51,459,,,,28,0.65,0.146,0.089,0.818,0.486,1,0,0,0,0,0,0,0,0,0,,26.2,50,48.3,22.8,80.2,88.1,60,19.8,Fringe NBA,Cody Martin,84.9,Aaron Wiggins,84.8,Josh Richardson,84.2,Elijah Hughes,83.9,Tres Tinkle,81.8,38,46,54,46.0,50,44,46.4,-2.12,-1.48,-1.83,-1.81,-0.37,0.66,-1.03,,,,,,56,New York Knicks,NYK,McCullar,
Ariel Hukporti,2024,International,Big,5,Melbourne United,NBL,17.95,#2253F5,22.19,82.75,"6'10.75""",86.5,"7'2.5""",3.75,246,0.622,0.185,0.5,0.374,0,0.50,8,7.1,15.2,27.9,21.6,0.7,1.7,0.41,6.4,19.6,0.33,0.5,1.5,2,1.4,7,8.4,110.1,100.6,9.5,19.6,0.88,-0.004,,,1.2,0.05,-0.834,0.504,0.617,0.25,0,0,0,0,0,0.588,0.563,,116.5,110,-6.5,20.3,0.39,0.034,0.084,0.315,0.966,0,1,0,1,0,0,0,0,0,0,,62.2,37.4,87.5,95.3,19.8,17.7,9.8,41.4,Fringe NBA,Austin Wiley,81.6,Ray Spalding,76.7,Cady Lalanne,75.9,Mitch McGary,75.8,Colton Iverson,75.6,36,62,12,36.7,35,29,34.8,-2.11,-1.73,-0.05,-1.30,0.06,1.03,-0.56,-6.10823,,,,,58,New York Knicks,NYK,Hukporti,
Trey Alexander,2024,Junior,Guard,2,Creighton,Big East,9.53,#005CA9,21.13,75.25,"6'3.25""",82.5,"6'10.5""",7.25,187,0.465,0.051,0.225,0.155,0,0.25,17.6,5.7,1.8,14.5,8.8,4.7,2.5,1.88,23.9,13.1,1.82,1.1,0.4,1.5,1.7,1,2.7,100.9,102,-1.1,18.7,0.88,0.040,0.149,0.007,5.7,0.27,-0.575,0.208,0.824,0.75,0.352,0.339,1.8,0.6102,0.5,0.538,0.506,631,,,,26.6,0.66,0.177,0.094,0.898,0.492,1,0,0,0,0,0,0,0,0,0,,66.8,15.5,39.3,54,44.4,57.3,47.3,31.8,Fringe NBA,Olivier Hanlan,84.3,Omari Moore,82.2,Tony Carr,80.5,Kobe Bufkin,79.3,Ryan Rollins,79.2,66,45,35,48.7,43,75,52.8,-3.13,-1.47,-1.06,-1.89,-0.20,-0.82,-1.34,-4.92733,,,,,59,Denver Nuggets,DEN,Alexander,
PJ Hall,2024,Senior,Big,4.5,Clemson,ACC,10.04,#F56600,22.33,80.25,"6'8.25""",85.5,"7'1.5""",5.25,240,0.214,0.917,0.766,0.826,0,0.75,18.3,6.4,6.6,18.1,12.7,1.4,1.9,0.74,10.8,10.5,1.03,0.8,1.4,2.2,1.6,5.6,7.2,104.3,102,2.3,25.6,1.15,0.253,0.184,0.008,8.4,0.38,-0.517,0.331,0.779,0.5,0.335,0.315,1.4,0.441,0.5,0.579,0.541,595,,,,31.8,0.58,0.044,0.060,0.340,0.330,1,0,0,0,0,0,0,0,0,0,,21.4,82.6,40.1,4.2,55.7,38,90.1,32.6,Fringe NBA,Adreian Payne,80.2,Ben Bentil,78.3,Chimezie Metu,76.8,Moritz Wagner,76.7,Larry Nance Jr.,76.6,41,63,33,45.7,17,27,36.2,-2.19,-1.74,-1.01,-1.65,0.57,1.03,-0.67,-0.310341,,,,,59,Denver Nuggets,DEN,Hall,
Keshad Johnson,2024,Senior,Wing,3.5,Arizona,PAC 12,9.45,#CC0033,22.99,78.25,"6'6.25""",82.25,"6'10.25""",4,224,0.136,0.665,0.768,0.727,0,0.75,11.5,5.9,8,14.8,11.5,1.8,1.6,1.13,10.8,14.3,0.76,1,0.7,1.7,2,2.7,4.7,96.6,98.1,-1.5,19.3,0.84,-0.080,0.18,0.008,8.3,0.36,-0.559,0.375,0.71,0.5,0.326,0.387,1,0.387,0.5,0.616,0.593,401,,,,18.4,0.63,0.098,0.087,0.587,0.777,1,0,0,0,0,0,0,0,0,0,,44,72.7,48.6,69.9,28.9,33.7,45.7,76.9,Fringe NBA,Devin Robinson,84.2,Admiral Schofield,81.1,Perry Ellis,80.8,Solomon Hill,80.4,James Ennis III,80,35,41,49,41.7,56,42,44.6,-2.11,-1.41,-1.61,-1.71,-0.57,0.72,-0.99,-1.05041,,,,,59,Miami Heat,MIA,Johnson,
Jalen Bridges,2024,Senior,Wing,3,Baylor,Big 12,10.71,#154734,23.1,78.75,"6'6.75""",82,"6'10""",3.25,213,0.541,0.138,0.414,0.304,0,0.50,12.2,5.7,7.7,14.8,11.3,1.4,1,1.40,8.2,8.9,0.92,1.1,0.6,1.7,2,2,4,104.2,106.1,-1.9,19.6,0.85,-0.076,0.172,0.007,9.9,0.43,-0.495,0.256,0.823,0.75,0.573,0.412,2.1,0.8652,1,0.615,0.584,406,,,,17.5,0.70,0.080,0.057,0.469,0.509,1,0,0,0,0,0,0,0,0,0,,54.1,30.4,38,67.5,26.1,23.1,83.9,68.7,Bench Reserve,Isaiah Livers,80.8,Kris Murray,79.4,Cameron Johnson,79.2,Dorian Finney-Smith,79.1,Hunter Tyson,79,20,26,46,30.7,60,38,38.0,-1.88,-1.18,-1.41,-1.49,-0.65,0.77,-0.87,,,,,,59,Phoenix Suns,PHX,Bridges,
Trentyn Flowers,2024,International,Wing,2.5,Adelaide,NBL,17.95,#00023E,19.28,78.5,"6'6.5""",80.25,"6'8.25""",1.75,201,0.250,0.847,0.898,0.878,0,0.75,5.5,3.1,3.9,18.8,11.4,0.6,1.5,0.40,7,21.9,0.32,0.2,0.1,0.3,0.8,0.6,1.4,112.7,115.2,-2.5,8.4,0.44,-0.336,,,-4.8,-0.25,-1.020,0.394,0.649,0.25,0.3,0.357,0.5,0.1785,0.25,0.526,0.489,,107.9,89.7,-18.2,19.9,0.28,0.030,0.075,0.352,1.101,0,1,0,1,0,0,0,0,0,0,,25,87.8,13.1,42.2,14.3,17.3,10.3,23.9,Fringe NBA,Hamidou Diallo,81.8,Terrance Ferguson,78.6,Chris Livingston,77.8,Jaylen Brown,75.2,Luguentz Dort,74.3,60,70,75,68.3,61,52,63.6,-2.61,-2.15,-2.94,-2.57,-0.67,0.49,-1.58,,,,,,59,Los Angeles Clippers,LAC,Flowers,
Reece Beekman,2024,Senior,Guard,1,Virginia,ACC,7.31,#232D4B,22.7,73.25,"6'1.25""",78.5,"6'6.5""",5.25,196,0.680,0.751,0.85,0.810,0,0.75,14.3,3.6,1.3,12.3,6.7,6.2,2.1,2.95,44.7,13.1,3.41,2,0.5,2.5,4,1.9,5.9,96.6,95.6,1,23.4,1.03,0.123,0.177,0.008,10.5,0.46,-0.445,0.31,0.754,0.5,0.246,0.31,0.9,0.279,0.25,0.522,0.482,525,,,,27.7,0.52,0.224,0.076,1.614,0.473,1,0,0,0,0,0,0,0,0,0,,68,81,89.1,21.3,12.1,92.9,12.1,11.7,Bench Reserve,Kris Dunn,78.7,Keon Johnson,77.3,Michael Carter-Williams,76.8,Ashton Hagans,73.7,Dejounte Murray,73.5,64,21,28,37.7,30,65,41.6,-2.95,-0.95,-0.76,-1.56,0.21,0.14,-0.86,-4.44992,,,,,59,Golden State Warriors,GSW,Beekman,
Zyon Pullin,2024,Senior,Guard,1,Florida,SEC,8.81,#FA4616,23.31,75.5,"6'3.5""",77.75,"6'5.75""",2.25,205,0.635,0.5,0.5,0.500,0,0.50,15.5,3.9,2.2,10.1,6.1,4.9,1.3,3.77,24.7,8.8,2.81,0.9,0.1,1,1.5,0.3,1.8,106.5,111.9,-5.4,20.2,0.87,-0.066,0.173,0.007,6.4,0.27,-0.658,0.534,0.847,0.75,0.219,0.449,1.1,0.4939,0.5,0.547,0.493,530,,,,20.2,0.77,0.243,0.064,1.223,0.436,1,0,0,0,0,0,0,0,0,0,,63.2,50,3.8,27,84.5,87,47.3,13.6,Fringe NBA,Tyrese Maxey,75.3,Semaj Christon,73.8,Tre Jones,73.5,Iverson Molinar,72.9,Nico Mannion,71.9,69,25,50,48.0,46,60,50.0,-3.49,-1.10,-1.64,-2.08,-0.29,0.29,-1.25,,,,,,59,Miami Heat,MIA,Pullin,
Isaiah Crawford,2024,Senior,Wing,3,Louisiana Tech,C-USA,-1.69,#003087,22.6,78,"6'6""",84,"7'0""",6,220,0.480,0.5,0.5,0.500,0,0.50,16.3,6.2,6.7,14,10.6,2.4,2.5,0.96,15.5,15.2,1.02,2.1,1.7,3.8,3.8,5.8,9.6,94.9,91,3.9,24.3,1.08,0.171,0.207,0.009,8.3,0.37,-0.537,0.432,0.728,0.5,0.264,0.414,1.3,0.5382,0.75,0.579,0.54,505,,,,25.8,0.63,0.093,0.097,0.601,0.589,1,0,0,0,0,0,0,0,0,0,,48.6,50,93.9,56.2,37.4,40.1,74.2,38,Fringe NBA,James Ennis III,81.4,Jalen Slawson,78.8,Robert Covington,76.5,Cameron Oliver,76.4,Sterling Brown,76.3,16,19,20,18.3,49,28,26.4,-1.81,-0.86,-0.30,-0.99,-0.36,1.03,-0.46,,,,,,59,Sacramento Kings,SAC,Crawford,
Isaac Jones,2024,Senior,Big,4.5,Washington State,PAC 12,7.19,#981E32,23.88,79.75,"6'7.75""",87,"7'3""",7.25,245,0.289,0.545,0.696,0.636,0,0.50,15.3,7.6,8.5,19,13.9,1.5,1.9,0.79,9.9,13.3,0.74,0.5,1.1,1.6,1,3.4,4.4,99.7,100.3,-0.6,23.7,0.99,0.037,0.194,0.008,7.6,0.32,-0.637,0.552,0.712,0.5,0.04,0.071,0,0,0,0.613,0.577,513,,,,23.4,0.65,0.064,0.081,0.423,0.568,1,0,0,0,0,0,0,0,0,0,,28.9,63.6,4.7,19.8,63.5,34.9,36.5,53.1,Fringe NBA,Joffrey Lauvergne,81.7,Rakeem Christmas,79.3,Mason Plumlee,77.9,Cameron Bairstow,77.3,Montrezl Harrell,76.9,59,74,47,60.0,41,72,58.6,-2.51,-2.56,-1.48,-2.18,-0.04,-0.22,-1.36,-3.07842,,,,,59,Sacramento Kings,SAC,Jones,
Justin Edwards,2024,Freshman,Wing,3,Kentucky,SEC,7.46,#0033A0,20.51,78,"6'6""",82,"6'10""",4,209,0.368,0.341,0.131,0.215,0,0.25,8.8,3.4,6.4,10.4,8.6,0.9,0.8,1.13,6.9,10.1,0.68,0.9,0.2,1.1,2.2,1.1,3.3,106.7,110.4,-3.7,16.2,0.79,-0.031,0.121,0.006,2.5,0.12,-0.699,0.225,0.776,0.5,0.39,0.365,1,0.365,0.5,0.582,0.557,266,,,,18.7,0.47,0.048,0.043,0.369,0.540,1,0,0,0,0,0,0,0,0,0,,36.8,21.5,13.7,41.6,7.6,27.7,45.7,68.7,Bench Reserve,Julian Strawther,76.3,Furkan Korkmaz,75.5,Dwayne Bacon,75.4,Gui Santos,74.6,Abdel Nader,74.2,56,58,72,62.0,74,61,64.2,-2.36,-1.70,-2.50,-2.19,-1.25,0.29,-1.51,-2.67024,,,,,59,Philadelphia 76ers,PHI,Edwards,
N'Faly Dante,2024,Senior,Big,5,Oregon,PAC 12,8.91,#154733,22.67,82,"6'10""",90,"7'6""",8,260,0.758,0.662,0.899,0.804,0,0.75,17,9.2,10.3,24.5,17.3,1.6,2.4,0.67,11.1,16,0.69,1.7,1.9,3.6,3.2,6.6,9.8,104.8,97.9,6.9,30.6,1.35,0.443,0.217,0.010,12.7,0.56,-0.347,0.505,0.613,0.25,0,0,0,0,0,0.686,0.695,343,,,,24,0.71,0.067,0.100,0.463,0.667,1,0,0,0,0,0,0,0,0,0,,75.8,80.4,79.2,50.5,82.8,46.9,9.8,95.8,Solid Rotation,Christian Koloko,77.7,Mark Williams,76.5,Udoka Azubuike,76,Jakob Poeltl,75.4,Walker Kessler,75,6,13,3,7.3,19,14,11.0,-1.46,-0.49,1.16,-0.26,0.53,1.54,0.25,-1.07024,,,,,59,Houston Rockets,HOU,Dante,
Armel Traoré,2024,International,Wing,3.5,ADA Blois,French LNB Pro A,18.24,#2B633C,21.4,80,"6'8""",87,"7'3""",7,215,0.468,0.5,0.5,0.500,0,0.50,10.7,7.1,11.2,23.1,17.2,1.5,1.7,0.88,10.7,16.4,0.65,0.6,0.7,1.3,1.3,3,4.3,114.2,109.7,4.5,17.1,0.80,-0.057,,,0.1,0.00,-0.851,0.37,0.646,0.25,0.24,0.281,0.5,0.1405,0.25,0.6,0.578,,107.6,112.1,4.5,19.6,0.55,0.077,0.087,0.546,0.837,0,1,1,0,0,0,0,0,0,0,,73.7,50,83.9,97,49.8,36.2,10.3,76.9,Fringe NBA,Guerschon Yabusele,82.8,Toumani Camara,78.7,Luka Samanic,78.4,Jabari Walker,76.3,Josh Huestis,74.7,51,61,51,54.3,64,26,50.6,-2.30,-1.72,-1.72,-1.91,-0.76,1.07,-1.09,-4.91544,,,,,59,Los Angeles Lakers,LAL,Traoré,
Boogie Ellis,2024,Senior,Guard,1.5,USC,PAC 12,9.54,#990000,23.54,72.75,"6'0.75""",79,"6'7""",6.25,190,0.140,0.524,0.231,0.348,0,0.50,16.5,3.5,1,11,6,3,1.8,1.67,18.3,10.9,1.68,1.4,0.1,1.5,2.5,0.5,3,105.1,108.6,-3.5,17.8,0.76,-0.185,0.122,0.005,4.9,0.21,-0.733,0.245,0.72,0.5,0.549,0.418,3,1.254,1,0.565,0.542,430,,,,24.7,0.67,0.121,0.073,0.741,0.441,1,0,0,0,0,0,0,0,0,0,,45.9,34.8,26.8,9.2,31.4,20.9,87,35.6,Fringe NBA,Marcus Zegarowski,81.7,Joe Young,81.6,Terquavion Smith,81.5,Adam Flagler,80.4,Tevin Brown,78.7,71,50,53,58.0,53,67,58.8,-3.61,-1.54,-1.76,-2.30,-0.42,0.10,-1.45,,,,,,60,Sacramento Kings,SAC,Ellis,
Marcus Domask,2024,Senior,Wing,2.5,Illinois,Big 10,9.54,#E84A27,23.8,78.25,"6'6.25""",78.5,"6'6.5""",0.25,211,0.219,0.25,0.25,0.250,0,0.25,15.9,5,3.6,11.9,7.9,3.9,2.3,1.70,20.5,14,1.46,0.4,0.3,0.7,0.6,0.9,1.5,104,109,-5,18,0.76,-0.196,0.141,0.006,5.1,0.21,-0.738,0.312,0.872,1,0.289,0.297,1.1,0.3267,0.25,0.55,0.496,618,,,,23.4,0.68,0.167,0.098,0.876,0.598,1,0,0,0,0,0,0,0,0,0,,21.9,25,1.2,15.8,43.5,86,32.1,9.6,Fringe NBA,Ricky Council IV,77,Cody Martin,75.9,Lindy Waters III,74.4,Dwayne Bacon,74.2,Tres Tinkle,73.8,58,69,70,65.7,58,66,64.2,-2.39,-1.96,-2.41,-2.26,-0.62,0.13,-1.45,,,,,,60,Chicago Bulls,CHI,Domask,
Judah Mintz,2024,Sophomore,Guard,1,Syracuse,ACC,9.4,#F76900,20.95,76,"6'4""",75.5,"6'3.5""",-0.5,176,0.433,0.236,0.5,0.394,0,0.50,18.8,3.2,1.6,9.1,5.4,4.4,2.9,1.52,25.4,14.5,1.75,2.1,0.1,2.2,3.4,0.4,3.8,104.9,106.9,-2,20.5,0.98,0.141,0.13,0.006,4.2,0.20,-0.638,0.615,0.765,0.5,0.198,0.282,0.8,0.2256,0.25,0.543,0.466,612,,,,29.7,0.63,0.148,0.098,0.855,0.488,1,0,0,0,0,0,0,0,0,0,,43.2,39.4,52.3,11.3,95.4,46,12.1,19.9,Fringe NBA,Semaj Christon,84.9,Saben Lee,81.6,Sharife Cooper,78.3,Scotty Pippen Jr.,77.6,Archie Goodwin,77.3,73,65,58,65.3,52,70,63.6,-4.05,-1.86,-1.97,-2.63,-0.39,-0.04,-1.66,,,,,,60,Philadelphia 76ers,PHI,Mintz,
Mantas Rubstavicius,2024,International,Wing,2.5,New Zealand,NBL,17.95,#DA73A4,22.12,79.25,"6'7.25""",79.25,"6'7.25""",0,200,0.250,0.25,0.25,0.250,0,0.25,9.4,2.1,4,8.5,6.3,1.2,1.1,1.09,9.2,13.4,0.69,0.8,0.1,0.9,2,0.5,2.5,112.5,112.6,-0.1,15.3,0.69,-0.193,,,0.9,0.04,-0.844,0.422,0.823,0.75,0.5,0.425,1.2,0.51,0.75,0.671,0.622,,113.4,123.6,10.2,18.5,0.51,0.065,0.059,0.497,0.724,0,1,0,1,0,0,0,0,0,0,,27.6,25,44.4,10.9,38.3,27.4,83.9,97,Fringe NBA,Julian Strawther,77.6,John Petty,76.1,Ben Sheppard,75.9,Marial Shayok,75.7,Khyri Thomas,75.2,53,44,64,53.7,67,51,55.8,-2.32,-1.46,-2.27,-2.02,-0.81,0.53,-1.27,,,,,,60,Golden State Warriors,GSW,Rubstavicius,
Riley Minix,2024,Senior,Wing,3,Morehead State,OVC,-5.52,#FFCF00,23.76,79.5,"6'7.5""",81.5,"6'9.5""",2,230,0.504,0.5,0.5,0.500,0,0.50,20.9,9.7,10.9,21.2,16.3,2.2,2.3,0.96,14.6,12.3,1.19,1.3,1,2.3,2.3,3.1,5.4,95.8,92.8,3,30.7,1.29,0.342,0.278,0.012,8,0.34,-0.614,0.308,0.839,0.75,0.336,0.349,1.7,0.5933,0.5,0.636,0.599,680,,,,28.6,0.73,0.077,0.080,0.510,0.430,1,0,0,0,0,0,0,0,0,0,,51.6,50,67.2,93.9,44.1,21.6,60,81.6,Fringe NBA,Toumani Camara,81.1,Kyle Kuzma,80,Jordan Miller,78.6,Kobe Brown,78.2,Kris Murray,77.3,55,60,74,63.0,59,25,54.6,-2.35,-1.71,-2.86,-2.31,-0.64,1.08,-1.30,,,,,,60,San Antonio Spurs,SAS,Minix,
Keisei Tominaga,2024,Senior,Guard,1,Nebraska,Big 10,7.53,#E41C38,23.4,74,"6'2""",74.5,"6'2.5""",0.5,180,0.316,0.25,0.25,0.250,0,0.25,15.1,2.3,1.1,7.9,4.8,1.4,1.2,1.17,11.7,8.7,1.34,0.9,0,0.9,2,0.1,2.1,101.1,105.8,-4.7,20.5,0.88,-0.060,0.162,0.007,7,0.30,-0.637,0.22,0.875,1,0.556,0.376,2.4,0.9024,0.75,0.603,0.57,406,,,,26.7,0.57,0.052,0.045,0.438,0.326,1,0,0,0,0,0,0,0,0,0,,32.8,25,6.7,4.8,10.5,0.8,81.4,69.9,Fringe NBA,Marcus Zegarowski,77.6,Duane Washington Jr.,75.9,Joe Young,73.8,Terquavion Smith,73.4,Jordan Hawkins,72.6,72,66,68,68.7,54,74,66.8,-3.99,-1.92,-2.33,-2.75,-0.49,-0.39,-1.82,,,,,,60,Indiana Pacers,IND,Tominaga,